aaer_num,pdf_name,respondent,date,release_no,status,char_count,document_type,primary_category,secondary_categories,respondent_type,is_new_enforcement,traceable_to_financials,filing_entity,fiscal_periods_affected,specific_mechanism,dollar_impact,period,llm_confidence,legal_signals_list,lexicon_hits
994,AAER-994.pdf,"KPMG Peat Marwick L.L.P.; Robert G. Mahony, Administrative Law Judge","Dec. 4, 1997","34-39400, AAER-994",low_text,0,,,,,,,,,,,,,,{}
1201,AAER-1201.pdf,"Robert G. Weeks, David A. Hesterman, and Kenneth L. Weeks James T. Kelly, Administrative Law Judge","Nov. 5, 1999","34-42109, AAER-1201",low_text,0,,,,,,,,,,,,,,{}
1228,AAER-1228.pdf,"Robert G. Weeks, David A. Hesterman, and Kenneth L. Weeks James T. Kelly, Administrative Law Judge","Feb. 14, 2000","34-42420, AAER-1228",low_text,0,,,,,,,,,,,,,,{}
1243,AAER-1243.pdf,Beth A. Morris and Steven H. Grant,"March 29, 2000","34-42587, AAER-1243",low_text,0,,,,,,,,,,,,,,{}
1260,AAER-1260.pdf,"Paul Y. Okuda, Stephen A. Thorpe, and David J. Chester","May 25, 2000","33-7859, 34-42827, AAER-1260",low_text,0,,,,,,,,,,,,,,{}
1274,AAER-1274.pdf,"Steven Speaks, C.P.A.","June 14, 2000","34-42935, AAER-1274",low_text,0,,,,,,,,,,,,,,{}
1290,AAER-1290.pdf,Steven Wolis,"Aug. 4, 2000","34-43123, AAER-1290",low_text,0,,,,,,,,,,,,,,{}
1305,AAER-1305.pdf,Robert G. Herndon,"Sept. 19, 2000","LR-16710, AAER-1305",low_text,0,,,,,,,,,,,,,,{}
1334,AAER-1334.pdf,Victor Douenias,"Oct. 16, 2000","34-43445, AAER-1334",low_text,0,,,,,,,,,,,,,,{}
1338,AAER-1338.pdf,Pat A. Rossetti and Jeffrey M. Yonkers,"Oct. 31, 2000","34-43497, AAER-1338",low_text,0,,,,,,,,,,,,,,{}
1354,AAER-1354.pdf,Franklin W. Brooks and John L. Gardner,"Dec. 20, 2000","LR-16835, AAER-1354",low_text,0,,,,,,,,,,,,,,{}
1374,AAER-1374.pdf,"KPMG Peat Marwick L.L.P.; Robert G. Mahony, Administrative Law Judge","March 8, 2001","34-44050, AAER-1374",low_text,0,,,,,,,,,,,,,,{}
1395,AAER-1395.pdf,"Albert J. Dunlap, Russell A. Kersh, Robert J. Gluck, Donald R. Uzzi, Lee B. Griffith, and Phillip E. Harlow","May 15, 2001","LR-17001, AAER-1395",low_text,0,,,,,,,,,,,,,,{}
1414,AAER-1414.pdf,"Richard P. Smyth, Arnold E. Johns, Jr., Michael J. Becker and Alan T. Davis","June 21, 2001","LR-17044, AAER-1414",low_text,0,,,,,,,,,,,,,,{}
1440,AAER-1440.pdf,"M & A West, Inc.; Scott L. Kelly; Salvatore Censoprano; Zahra R. Gilak; Frank Thomas Eck, III; and Stanley R. Medley","Sept. 6, 2001","LR-17118, AAER-1440",low_text,0,,,,,,,,,,,,,,{}
1441,AAER-1441.pdf,Walter T. Reeder,"Sept. 10, 2001","33-8001, 34-44799, AAER-1441",low_text,0,,,,,,,,,,,,,,{}
1463,AAER-1463.pdf,"Chiquita Brands International, Inc.","Oct. 3, 2001","34-44902, AAER-1463",low_text,0,,,,,,,,,,,,,,{}
1488,AAER-1488.pdf,James E. Slayton,"Jan. 7, 2002","34-45245, AAER-1488",low_text,0,,,,,,,,,,,,,,{}
1499,AAER-1499.pdf,"Trump Hotels & Casino Resorts, Inc.","Jan. 16, 2002","34-45287, AAER-1499",low_text,0,,,,,,,,,,,,,,{}
1523,AAER-1523.pdf,"David Held, CPA","March 18, 2002","34-45587, AAER-1523",low_text,0,,,,,,,,,,,,,,{}
1534,AAER-1534.pdf,Signal Technology Corporation,"March 27, 2002","34-45655, AAER-1534",low_text,0,,,,,,,,,,,,,,{}
1543,AAER-1543.pdf,"Teltran International Group, Ltd.","April 22, 2002","33-8093, 34-45796, AAER-1543",low_text,0,,,,,,,,,,,,,,{}
1564,AAER-1564.pdf,"Advanced Technical Products, Inc., James S. Carter, and Garrett L. Dominy","June 5, 2002","34-46030, AAER-1564",low_text,0,,,,,,,,,,,,,,{}
1589,AAER-1589.pdf,Gregory D. Norton,"July 9, 2002","34-46174, AAER-1589",low_text,0,,,,,,,,,,,,,,{}
1605,AAER-1605.pdf,"John R. Boyd, and Christopher Curbello","Aug. 1, 2002","LR-17648, AAER-1605",low_text,0,,,,,,,,,,,,,,{}
1621,AAER-1621.pdf,"James Murphy, C.P.A.","Aug. 30, 2002","LR-17705, AAER-1621",low_text,0,,,,,,,,,,,,,,{}
1634,AAER-1634.pdf,Barry M. Budilov and Raymond J. Green,"Sept. 26, 2002","LR-17752, AAER-1634",low_text,0,,,,,,,,,,,,,,{}
1653,AAER-1653.pdf,"Paul Skulsky, et al.","Oct. 21, 2002","LR-17794, AAER-1653",low_text,0,,,,,,,,,,,,,,{}
1674,AAER-1674.pdf,"800America.com, Inc.","Nov. 25, 2002","LR-17863, AAER-1674",low_text,0,,,,,,,,,,,,,,{}
1683,AAER-1683.pdf,Betty L. Vinson and Troy M. Normand,"Dec. 6, 2002","LR-17883, AAER-1683",low_text,0,,,,,,,,,,,,,,{}
1699,AAER-1699.pdf,"Anika Therapeutics, Inc., J. Melville Engle and Sean F. Moran","Jan. 13, 2003","34-47167, AAER-1699",low_text,0,,,,,,,,,,,,,,{}
1729,AAER-1729.pdf,"Lernout & Hauspie Speech Products, N.V.","March 4, 2003","LR-18014, AAER-1729",low_text,0,,,,,,,,,,,,,,{}
1737,AAER-1737.pdf,"Spiegel, Inc.","March 7, 2003","LR-18020, AAER-1737",low_text,0,,,,,,,,,,,,,,{}
1764,AAER-1764.pdf,Michael Marchese,"April 24, 2003","34-47732, AAER-1764",low_text,0,,,,,,,,,,,,,,{}
1782,AAER-1782.pdf,"Zimmerman Sign Companyand Jeffrey P. Johnson, CPA","May 14, 2003","34-47860, AAER-1782",low_text,0,,,,,,,,,,,,,,{}
1796,AAER-1796.pdf,"Paul A. Allaire, G. Richard Thoman, Barry D. Romeril, Philip D. Fishbach, Daniel S. Marchibroda and Gregory B. Tayler","June 5, 2003","LR-18174, AAER-1796",low_text,0,,,,,,,,,,,,,,{}
1806,AAER-1806.pdf,Robert C. Cloyd,"June 25, 2003","LR-18201, AAER-1806",low_text,0,,,,,,,,,,,,,,{}
1838,AAER-1838.pdf,"Robert W. Armstrong, III Carol Fox Foelak, Administrative Law Judge","Aug. 12, 2003","34-48326, AAER-1838",low_text,0,,,,,,,,,,,,,,{}
1844,AAER-1844.pdf,Rica Foods et. al.,"Aug. 18, 2003","LR-18293, AAER-1844",low_text,0,,,,,,,,,,,,,,{}
1875,AAER-1875.pdf,"Analytical Surveys, Inc.","Sept. 26, 2003","34-48549, AAER-1875",low_text,0,,,,,,,,,,,,,,{}
1881,AAER-1881.pdf,Scott Miller,"Sept. 30, 2003","34-48571, AAER-1881",low_text,0,,,,,,,,,,,,,,{}
1907,AAER-1907.pdf,David W. Delainey,"Oct. 30, 2003","LR-18435, AAER-1907",low_text,0,,,,,,,,,,,,,,{}
1926,AAER-1926.pdf,Kevin Lasky et al.,"Dec. 18, 2003","LR-18512, AAER-1926",low_text,0,,,,,,,,,,,,,,{}
1939,AAER-1939.pdf,"Dorothy L. Mahler, John W. Bracewell, III, and Patricia L. Jones","Jan. 9, 2004","LR-18536, AAER-1939",low_text,0,,,,,,,,,,,,,,{}
1953,AAER-1953.pdf,"Lee R. Fontaine, CPA","Feb. 6, 2004","34-49204, AAER-1953",low_text,0,,,,,,,,,,,,,,{}
1970,AAER-1970.pdf,"Richard P. Smyth, Arnold E. Johns, Jr., Michael J. Becker and Alan T. Davis","March 8, 2004","LR-18612, AAER-1970",low_text,0,,,,,,,,,,,,,,{}
1994,AAER-1994.pdf,"Carnegie International Corporation, et al.","April 29, 2004","LR-18686, AAER-1994",low_text,0,,,,,,,,,,,,,,{}
2013,AAER-2013.pdf,"James Murphy, Robert Lockwood, Gilboa Peretz","May 12, 2004","LR-18706, AAER-2013",low_text,0,,,,,,,,,,,,,,{}
2023,AAER-2023.pdf,"Frank M. Bergonzi, Martin L. Grass, and Franklin C. Brown","May 26, 2004","LR-18727, AAER-2023",low_text,0,,,,,,,,,,,,,,{}
2044,AAER-2044.pdf,"Arthur A. Goodwin, William J. Burke and Christopher P. Whalen","June 22, 2004","LR-18758, AAER-2044",low_text,0,,,,,,,,,,,,,,{}
2057,AAER-2057.pdf,"Mary Beth Stevens and Paul W. Oliver, Jr.","July 21, 2004","34-50053, AAER-2057",low_text,0,,,,,,,,,,,,,,{}
2083,AAER-2083.pdf,"Kenneth K. Livesay, et al.","Aug. 23, 2004","LR-18843, AAER-2083",low_text,0,,,,,,,,,,,,,,{}
2096,AAER-2096.pdf,"Michael B. Johnson, Michael Johnson & Co., Llc, David C. Skinner, Jr. And American Television And Film Company F/K/A Winners Internet Network, Inc.","Sept. 10, 2004","LR-18879, AAER-2096",low_text,0,,,,,,,,,,,,,,{}
2122,AAER-2122.pdf,"Soulfood Concepts, Inc. and Markova Campbell","Oct. 12, 2004","LR-18928, AAER-2122",low_text,0,,,,,,,,,,,,,,{}
2136,AAER-2136.pdf,"Conrad M. Black, et al.","Nov. 15, 2004","LR-18969, AAER-2136",low_text,0,,,,,,,,,,,,,,{}
2146,AAER-2146.pdf,Evan S. Collins,"Nov. 30, 2004","LR-18986, AAER-2146",low_text,0,,,,,,,,,,,,,,{}
2171,AAER-2171.pdf,Monte S. Colbert,"Jan. 21, 2005","34-51065, AAER-2171",low_text,0,,,,,,,,,,,,,,{}
2189,AAER-2189.pdf,Craig Scott,"Feb. 14, 2005","LR-19077, AAER-2189",low_text,0,,,,,,,,,,,,,,{}
2200,AAER-2200.pdf,Craig N. Cohen,"March 4, 2005","LR-19121, AAER-2200",low_text,0,,,,,,,,,,,,,,{}
2220,AAER-2220.pdf,"Mark M. Iwan, CPA","March 29, 2005","34-51442, AAER-2220",ok,16107,enforcement_order,NARRATIVE_DISTORTION,REVENUE_TIMING,CPA_individual,True,True,Qwest Communications International Inc.,FY1999|FY1999-Q1|FY1999-Q2|FY1999-Q3|FY2000|FY2000-Q1|FY2000-Q2|FY2000-Q3,"Qwest failed to disclose its revenue recognition policies for one-time IRU and equipment sales, the dollar amounts of these transactions, IRU inventory, and its nonmonetary exchange accounting for IRU swaps in its 1999 and 2000 Forms 10-K and 10-Qs, which the auditor unreasonably failed to ensure were included.",,"FY1999-Q1 through FY2000-Q3, and FY1999, FY2000",1.0,rule_102e,{}
2231,AAER-2231.pdf,"Global Crossing Ltd., Thomas J. Casey, Dan J. Cohrs, and Joseph P. Perrone","April 11, 2005","34-51517, AAER-2231",ok,43997,enforcement_order,NARRATIVE_DISTORTION,,mixed,True,True,GX,FY2001-Q1|FY2001-Q2,"GX and its senior management failed to adequately disclose in its MD&A and pro forma results the reciprocal nature, increasing dependence, and liquidity impact of significant telecommunications capacity transactions during the first and second quarters of 2001.",,FY2001-Q1 through FY2001-Q2,1.0,section_13a|item_303,{}
2252,AAER-2252.pdf,"Huntington Bancshares, Inc., Thomas E. Hoaglin, Michael J. Mcmennamin, and John Van Fleet, CPA","June 2, 2005","33-8579, 34-51781, AAER-2252, AAER-2251",ok,49737,enforcement_order,EARNINGS_SMOOTHING,,mixed,True,True,"HUNTINGTON BANCSHARES, INC.",FY2001|FY2002,Huntington overstated its 2001 operating earnings by $8.5 million and 2002 operating earnings by $17.1 million using unspecified improper accounting to meet analyst and internal EPS targets.,overstated 2001 operating earnings by $8.5 million ($.04 per share) and 2002 operating earnings by $17.1 million ($.08 per share),fiscal years 2001 and 2002,0.9,rule_102e|sab_99|section_13a|section_17a,{}
2271,AAER-2271.pdf,Rita J. McConville,"June 30, 2005","34-51950, AAER-2271",ok,76365,enforcement_order,ACCOUNTING_ESTIMATE,,individual_executive,True,True,Akorn,FY2000,"Akorn overstated its accounts receivable and current assets in its 2000 Form 10-K by failing to include amounts for its five largest wholesale customers in its allowance for doubtful accounts, despite a probable loss contingency.",overstated accounts receivable by approximately $5 million (related to one customer),2000 Form 10-K,1.0,section_13a|rule_10b5,{}
2286,AAER-2286.pdf,"Robert Korkuc, CPA","Aug. 1, 2005","34-52185, AAER-2286",ok,5313,enforcement_order,EARNINGS_SMOOTHING,,individual_executive,True,True,"Symbol Technologies, Inc.",FY1998|FY1999|FY2000|FY2001|FY2002,"Korkuc and others manipulated 'cookie jar' reserves and made fraudulent 'top side' adjustments to Symbol's consolidated financials to materially overstate revenue and net income from 1998 through 2002, in order to meet financial projections.",,1998 through 2002,1.0,rule_102e|section_17a,"{""EARNINGS_SMOOTHING"": 1}"
2311,AAER-2311.pdf,Vincent Steckler,"Sept. 13, 2005","34-52411, AAER-2311",ok,12880,enforcement_order,REVENUE_TIMING,,individual_executive,True,True,"Legato Systems, Inc.",FY1999-Q3,"Legato Systems, Inc. improperly recognized $7 million in revenue from a contingent sale to Logicon, Inc. in Q3 1999, despite a side agreement granting Logicon the right to cancel, leading to an overstatement of revenue by over $3.7 million and net income by over $2 million.","revenue had been originally overstated by more than $3.7 million or approximately 6 percent, and that its net income had been overstated by more than $2 million, or approximately 146 percent","third quarter ended September 30, 1999",0.9,section_13a|rule_10b5,"{""REVENUE_TIMING"": 1}"
2326,AAER-2326.pdf,"William E. Caswell, CPA","Sept. 30, 2005","34-52538, AAER-2326",ok,33773,enforcement_order,OTHER_FRAUD,,CPA_individual,True,True,Adelphia Communications Corporation,FY2000,Adelphia understated its co-borrowing debt by $1.6 billion and improperly netted related party receivables and payables in its 2000 financial statements.,understated co-borrowing debt by $1.6 billion,"year ended December 31, 2000",1.0,rule_102e,{}
2339,AAER-2339.pdf,"Scott Gershon, Paul Cifaldi, Neil Silver and Robert Davis","Oct. 20, 2005","LR-19439, AAER-2339",low_text,0,,,,,,,,,,,,,,{}
2355,AAER-2355.pdf,"Church Extension of the Church of God, Inc., United Management Services, Inc., James Perry Grubbs and Shearon Louis Jackson","Dec. 19, 2005","LR-19500, AAER-2355",low_text,0,,,,,,,,,,,,,,{}
2376,AAER-2376.pdf,"Kevin Hall, CPA, and Rosemary Meyer, CPA","Feb. 16, 2006","34-53326, AAER-2376",ok,3274,enforcement_order,EXPENSE_DEFERRAL,ACCOUNTING_ESTIMATE,CPA_individual,True,True,USF,,USF failed to expense substantial penalties incurred under a long-term supply contract and did not assess its exposure to a contingent liability under the same contract.,,,0.9,rule_102e,{}
2383,AAER-2383.pdf,"Geoffrey Jie Wei, CPA (China)","Feb. 27, 2006","34-53378, AAER-2383",ok,23458,enforcement_order,REVENUE_TIMING,,individual_executive,True,True,"NetEase.com, Inc.",FY2000|FY2000-Q1|FY2000-Q2|FY2000-Q3|FY2000-Q4|FY2001-Q1,"NetEase employees circumvented internal accounting controls and falsified books and records in connection with hundreds of advertising and e-commerce contracts to improperly accelerate revenue recognition, resulting in a material overstatement of revenue by $4.3 million for fiscal year 2000.",overstated revenue by $4.3 million,During 2000 and 2001,1.0,rule_102e|section_13a,"{""NARRATIVE_DISTORTION"": 1}"
2406,AAER-2406.pdf,"Clete D. Madden, CPA, and David L. Huffman, CPA","March 30, 2006","34-53574, AAER-2406",ok,35908,enforcement_order,OTHER_FRAUD,,CPA_individual,True,True,Tenet Healthcare Corporation,FY2002|FY2001,"Clete Madden and David Huffman, KPMG auditors, failed to complete critical audit procedures for Tenet Healthcare Corporation's FY 2002 financial statements and subsequently modified over 350 working papers after the audit report was issued to create the false impression that the audit had been adequately performed.",,FY2002,1.0,rule_102e,{}
2416,AAER-2416.pdf,"Dale G. Rasmussen, Esq.","April 17, 2006","34-53662, AAER-2416",ok,6189,enforcement_order,REVENUE_TIMING,,individual_executive,True,True,Enron Corp.,FY2000|FY2000-Q3,"Dale G. Rasmussen engaged in a fraudulent scheme to improperly accelerate the recognition of revenue from the sale of a construction contract, resulting in materially false financial statements, by negotiating terms and drafting documents to circumvent GAAP and concealing undocumented side agreements from auditors.",,"fiscal year ended December 31, 2000, and in the company’s quarterly report on Form 10-Q for the third quarter of fiscal year 2000",1.0,rule_102e,"{""REVENUE_TIMING"": 1}"
2442,AAER-2442.pdf,Sanjay Kumar and Stephen Richards,"June 19, 2006","LR-19730, AAER-2442",low_text,0,,,,,,,,,,,,,,{}
2460,AAER-2460.pdf,L. Michael Hart,"July 19, 2006","34-54172, AAER-2460",ok,10974,unknown,REVENUE_TIMING,EXPENSE_DEFERRAL,individual_executive,True,True,"Endocare, Inc.",FY2001|FY2002-Q1|FY2002-Q2|FY2002,"Endocare improperly recognized revenue on box sales involving various contingent terms, including improper bill-and-hold sales and side letters with indeterminate payment terms or continuing obligations, which overstated revenue by at least 16% for fiscal year 2001, 17% for the first quarter of 2002, and 33% for the second quarter of 2002, while also improperly understating or delaying expense recognition.","overstated revenue by at least 16% for fiscal year 2001, 17% for the first quarter of 2002, and 33% for the second quarter of 2002; understated pre-tax loss for 2001 by at least 20%; falsely reported profits for the first two quarters of 2002",fiscal years 2001 and 2002,1.0,section_13a,"{""REVENUE_TIMING"": 2, ""NARRATIVE_DISTORTION"": 1}"
2473,AAER-2473.pdf,Paul W. Mikus and John V. Cracchiolo,"Aug. 10, 2006","LR-19800, AAER-2473",low_text,0,,,,,,,,,,,,,,{}
2484,AAER-2484.pdf,"James N. Stanard, Martin J. Merritt And Michael W. Cash","Sept. 27, 2006","LR-19847, AAER-2484",low_text,0,,,,,,,,,,,,,,{}
2506,AAER-2506.pdf,"Douglas W. Marcille, CPA","Oct. 31, 2006","34-54677, AAER-2506",ok,6902,enforcement_order,NARRATIVE_DISTORTION,,individual_executive,True,False,"U.S. Gas & Electric, Inc.",,"U.S. Gas, with Marcille's participation, failed to disclose to investors that excessive commissions were being paid to telemarketers out of offering proceeds and misrepresented the amount of management fees that would be paid out of investor funds in unregistered offerings.",,December 2002 until September 2004,0.9,rule_102e,{}
2526,AAER-2526.pdf,Paul E. Yarick,"Dec. 20, 2006","LR-19951, AAER-2526",low_text,0,,,,,,,,,,,,,,{}
2539,AAER-2539.pdf,Charles R. Eisenstein,"Jan. 12, 2007","34-55094, AAER-2539",ok,2267,unknown,OTHER_FRAUD,,individual_executive,True,False,,,,,,1.0,rule_102e,{}
2566,AAER-2566.pdf,"Robert A. Ness, Jr.","Feb. 27, 2007","34-55359, AAER-2566",ok,8818,enforcement_order,REVENUE_TIMING,,individual_executive,True,True,"Metropolitan Mortgage & Securities Co., Inc.",FY2002-Q3|FY2002,"Ness approved the immediate recognition of the full gain on several real estate sales, even though GAAP criteria for full gain recognition, such as buyers making substantial initial down payments, had not been met, which allowed Metropolitan to report a net profit instead of a net loss for the third fiscal quarter of 2002 and the 2002 fiscal year.",,third fiscal quarter of 2002 and the 2002 fiscal year,1.0,rule_102e|section_17a,{}
2581,AAER-2581.pdf,"Collins & Aikman Corporation, David A. Stockman, J. Michael Stepp, Gerald E. Jones, David R. Cosgrove, John G. Galante, Elkin B. McCallum, Paul C. Barnaba, Christopher M. Williams and Thomas V. Gougherty","March 26, 2007","LR-20055, AAER-2581",low_text,0,,,,,,,,,,,,,,{}
2600,AAER-2600.pdf,"Cosmo Corigliano, Anne M. Pember, Casper Sabatino, and Kevin T. Kearney, Defendants, and Agnes T. Corigliano, Carleton H. Pember IV, and Mary Louise Scully, Relief Defendants","April 25, 2007","LR-20089, AAER-2600",low_text,0,,,,,,,,,,,,,,{}
2606,AAER-2606.pdf,Gary V. Morris,"May 3, 2007","LR-20104, AAER-2606",low_text,0,,,,,,,,,,,,,,{}
2627,AAER-2627.pdf,"Kevin Hall, CPA and Rosemary Meyer, CPA","June 29, 2007","34-55987, AAER-2627",ok,7764,unknown,NON_ENFORCEMENT,,unclear,False,False,,,,,,1.0,,{}
2639,AAER-2639.pdf,Paul Anthony Davis,"July 17, 2007","34-56084, AAER-2639",ok,11016,enforcement_order,REVENUE_TIMING,,individual_executive,True,True,"Quovadx, Inc.",FY2003-Q2,"Quovadx improperly recognized approximately $570,000 in software licensing revenue in the second quarter of 2003 from a purported sale to Sourceworks, where payment was contingent upon Quovadx securing a contract for Sourceworks with an end-user.","overstated revenue by approximately $570,000",second quarter of 2003,1.0,section_13a,"{""REVENUE_TIMING"": 1}"
2659,AAER-2659.pdf,Dean A. Nichols,"July 30, 2007","LR-20217, AAER-2659",low_text,0,,,,,,,,,,,,,,{}
2676,AAER-2676.pdf,"Frank A. Dunn, Douglas C. Beatty, Michael J. Gollogly, MaryAnne E. Pahapill (a.k.a. Mary Anne Poland), Douglas A. Hamilton, Craig A. Johnson, James B. Kinney and Kenneth R.W. Taylor","Sept. 12, 2007","LR-20275, AAER-2676",low_text,0,,,,,,,,,,,,,,{}
2698,AAER-2698.pdf,"Michael C. Lingerman, CPA","Sept. 13, 2007","34-56418, AAER-2698",ok,6089,unknown,OTHER_FRAUD,,CPA_individual,True,True,"Diversified Historic Investments, VI",FY2002,"Michael C. Lingerman caused his firm to issue an audit report for Diversified Historic Investments, VI's 2002 financial statements without the firm being registered with the Public Company Accounting Oversight Board (PCAOB) as required by Section 102(a) of the Sarbanes-Oxley Act.",,FY2002,1.0,,{}
2713,AAER-2713.pdf,"Michael Deutchman, CPA","Sept. 13, 2007","34-56433, AAER-2713",ok,2241,enforcement_order,NON_ENFORCEMENT,,CPA_individual,False,False,,,,,,1.0,rule_102e,{}
2729,AAER-2729.pdf,Robert C. Dean,"Sept. 27, 2007","33-8850, AAER-2729, AAER-2728",ok,10774,enforcement_order,ACCOUNTING_ESTIMATE,EARNINGS_SMOOTHING,individual_executive,True,True,Freddie Mac,FY2000|FY2001,"Freddie Mac, influenced by the respondent, altered its valuation methodology for swaptions at year-end FY2000 to reduce a large one-time transition gain that would have been reported effective January 1, 2001, thereby issuing materially false and misleading financial statements.",,FY2000 year-end and FY2001 transition,0.9,,{}
2742,AAER-2742.pdf,"Cedric Kushner Promotions, Inc., et al.","Oct. 17, 2007","LR-20337, AAER-2742",low_text,0,,,,,,,,,,,,,,{}
2755,AAER-2755.pdf,"Thomas J. Saiz, and Calderon, Jaham & Osborn, An Accountancy Corporation","Dec. 11, 2007","LR-20394, AAER-2755",low_text,0,,,,,,,,,,,,,,{}
2783,AAER-2783.pdf,"Robert A. Fish, CPA","Feb. 11, 2008","34-57303, AAER-2783",ok,29128,enforcement_order,REVENUE_TIMING,ACCOUNTING_ESTIMATE,CPA_individual,True,True,"Take-Two Interactive Software, Inc.",FY2000,"Take-Two improperly recognized approximately $26 million in revenue during fiscal year 2000 by engaging in parking transactions where video games were shipped to distributors, revenue was recorded, and then the shipments were returned; additionally, Take-Two failed to establish proper reserves for video game returns.",overstated revenue by approximately $26 million,fiscal year 2000,1.0,rule_102e,"{""REVENUE_TIMING"": 1}"
2786,AAER-2786.pdf,"Raquel Kohler, CPA","Feb. 15, 2008","34-57337, AAER-2786",ok,2138,unknown,OTHER_FRAUD,,CPA_individual,True,False,,,,,,1.0,rule_102e,{}
2802,AAER-2802.pdf,"Romulus S. Pereira, Robert B. Stanton, L. John Kern, Andrew D. Feldman, William F. McFarland, Lori H. Cornmesser","March 25, 2008","LR-20508, AAER-2802",low_text,0,,,,,,,,,,,,,,{}
2820,AAER-2820.pdf,Hong Liang Lu and Michael J. Sophie,"May 1, 2008","LR-20548, AAER-2820",low_text,0,,,,,,,,,,,,,,{}
2838,AAER-2838.pdf,Citigroup Inc.,"June 16, 2008","34-57970, AAER-2838",ok,37275,unknown,ACCOUNTING_ESTIMATE,,issuer,True,True,Citigroup Inc.,FY2001-Q4|FY2001,"Citigroup improperly accounted for the impact of the Argentine economic crisis on its operations, including a bond swap, non-swapped bonds, the sale of a subsidiary, and loan conversions, leading to an overstatement of income by at least $479 million pre-tax in the fourth quarter of 2001.",overstated income by at least $479 million pre-tax,fourth quarter of 2001,1.0,section_13a,{}
2855,AAER-2855.pdf,"James B. Kinney, CMA","July 31, 2008","34-58273, AAER-2855",ok,7936,enforcement_order,EARNINGS_SMOOTHING,,individual_executive,True,True,Nortel Networks Corporation,FY2002-Q3|FY2002-Q4|FY2002|FY2003-Q1|FY2003-Q2,"Kinney and other finance executives improperly established and released hundreds of millions of dollars in excess reserves to manipulate Nortel's consolidated earnings, turning losses into profits and vice versa, from the second half of 2002 through the second quarter of 2003.",tens of millions to hundreds of millions of dollars in excess reserves,second half of 2002 through the second quarter of 2003,0.9,rule_102e|section_17a,"{""EARNINGS_SMOOTHING"": 1}"
2880,AAER-2880.pdf,Nancy R. Heinen,"Sept. 16, 2008","34-58553, AAER-2880",ok,5550,enforcement_order,EXPENSE_DEFERRAL,NARRATIVE_DISTORTION,individual_executive,True,True,"Apple, Inc.",FY2001,"Apple improperly backdated stock option grants to make it appear they were made at an earlier date when the stock price was lower, resulting in a failure to recognize millions of dollars of compensation expenses.",,2001,1.0,rule_102e|section_17a,{}
2885,AAER-2885.pdf,"Bally Technologies, Inc.","Sept. 24, 2008","34-58636, AAER-2885",ok,13989,enforcement_order,REVENUE_TIMING,NARRATIVE_DISTORTION,issuer,True,True,Bally,FY2003|FY2004-Q1|FY2004-Q2|FY2005-Q2|FY2005-Q3,"Bally improperly recognized revenue on a bill and hold basis for individual sales and games stored in a warehouse awaiting regulatory approval, resulting in an overstatement of net sales revenue by $8.4 million in FY2003-Q4, $8.8 million in FY2004-Q1, and $10.2 million in FY2004-Q2.","overstated net sales revenue by $8.4 million in FY2003-Q4, $8.8 million in FY2004-Q1, and $10.2 million in FY2004-Q2","fiscal year ended June 30, 2003, the first two quarters of fiscal 2004, and the second and third quarters of fiscal 2005",1.0,section_13a,"{""REVENUE_TIMING"": 2, ""NARRATIVE_DISTORTION"": 1}"
2913,AAER-2913.pdf,"Stewart Enterprises, Inc., Kenneth C. Budde, CPA, and Michael G. Hymel, CPA","Dec. 29, 2008","34-59172, AAER-2913",ok,26579,enforcement_order,ACCOUNTING_ESTIMATE,,mixed,True,True,Stewart,FY2001|FY2002|FY2003|FY2004|FY2005,Stewart overvalued revenue from pre-need cemetery merchandise by more than $72 million from 2001 through 2005 due to errors in the assumptions underlying its estimation methodology for recognizing revenue.,overstated net revenue from 2001 through 2005 by more than $72 million,2001 through 2005,1.0,sab_101|section_13a,{}
2930,AAER-2930.pdf,Mark T. Turkcan,"Feb. 4, 2009","LR-20882, AAER-2930",low_text,0,,,,,,,,,,,,,,{}
2948,AAER-2948.pdf,"PowerCold Corporation, Francis L. Simola, Joseph C. Cahill, and Grayling R. Hofer","March 11, 2009","LR-20945, AAER-2948",low_text,0,,,,,,,,,,,,,,{}
2959,AAER-2959.pdf,"Dan Wise, CPA, a/k/a Danny Wise, CPA","April 3, 2009","34-59703, AAER-2959",ok,1931,unknown,OTHER_FRAUD,,CPA_individual,True,False,,,,,,1.0,rule_102e,{}
2967,AAER-2967.pdf,"Michael Strauss, Stephen Hozie and Robert Bernstein","April 28, 2009","LR-21014, AAER-2967",low_text,0,,,,,,,,,,,,,,{}
2988,AAER-2988.pdf,Richard Miller (CPA),"June 9, 2009","34-60076, AAER-2988",ok,9092,unknown,REVENUE_TIMING,EARNINGS_SMOOTHING,individual_executive,True,True,"Cardinal Health, Inc.",FY2000|FY2001|FY2002|FY2003|FY2004-Q1|FY2004-Q2|FY2004-Q3,"Miller and other officers engaged in a scheme to inflate revenue and earnings by misclassifying $1.2 billion of bulk sales as operating revenue, accelerating cash discount income, and manipulating reserve accounts to meet earnings projections, leading to a $65.9 million reduction in net earnings upon restatement.",overstated operating revenue by $1.2 billion and reduced net earnings by a cumulative total of $65.9 million,FY2000 through FY2004-Q3,1.0,rule_102e|section_17a,{}
3010,AAER-3010.pdf,"L. Dennis Kozlowski, Mark H. Swartz, and Mark A. Belnick","July 14, 2009","LR-21129, AAER-3010",low_text,0,,,,,,,,,,,,,,{}
3029,AAER-3029.pdf,General Electric Company,"Aug. 4, 2009","LR-21166, AAER-3029",low_text,0,,,,,,,,,,,,,,{}
3038,AAER-3038.pdf,"L. Daniel Ferrer, Esq.","Aug. 26, 2009","34-60575, AAER-3038",ok,5995,enforcement_order,OTHER_FRAUD,NARRATIVE_DISTORTION,individual_executive,True,False,"Weida Communications, Inc.",FY2004-Q2|FY2004-Q3|FY2004-Q4|FY2005-Q1,"Ferrer and a promoter used brokerage accounts to execute transactions in Weida common stock, fraudulently supporting its price at artificially inflated levels and creating a false appearance of liquidity.",approximately $9.2 million,June 2004 through April 2005,1.0,rule_102e|rule_10b5,{}
3061,AAER-3061.pdf,"Tab Keplinger, CPA","Oct. 28, 2009","34-60898, IA-2942, AAER-3061",ok,9140,enforcement_order,ACCOUNTING_ESTIMATE,,individual_executive,True,True,Brantley Capital Corp.,FY2002|FY2003|FY2004|FY2005,"Keplinger knowingly or recklessly overstated the value of two companies, Flight Options International and Disposable Products Company, that together represented over one-half of Brantley Capital's investment portfolio in its Forms 10-Q and 10-K for the period 2002 to 2005.",,2002 to 2005,1,rule_102e,{}
3081,AAER-3081.pdf,"William J. Carpenter, CPA","Dec. 17, 2009","33-9092, 34-61190, AAER-3081",ok,38528,enforcement_order,OTHER_FRAUD,,CPA_individual,True,True,Bally Total Fitness Holding Corporation,FY2000|FY2001|FY2002|FY2003,"Bally engaged in fraudulent financial accounting by implementing two improper changes in accounting method rather than restating for accounting errors, leading to financial statements not in conformity with GAAP, which the engagement partner failed to detect.",,FY2002 through FY2003,0.9,rule_102e|section_4C|sab_101|section_13a|section_17a,{}
3090,AAER-3090.pdf,"Anna M. Baird, CPA","Dec. 28, 2009","34-61245, AAER-3090",ok,7686,enforcement_order,ACCOUNTING_ESTIMATE,,individual_executive,True,True,Black Box Corporation,FY2001-Q3|FY2001,"Baird participated in backdating stock options purportedly issued in October 2000 as part of a plan to reduce expenses, leading Black Box to fail to properly record compensation expenses for these 'in the money' options.",,"quarter ending December 31, 2000 and the year ending March 31, 2001",1.0,rule_102e,"{""NARRATIVE_DISTORTION"": 1}"
3116,AAER-3116.pdf,"Gerard A.M. Oprins, CPA, and Wendy McNeeley, CPA Robert G. Mahony, Administrative Law Judge","March 1, 2010","34-61607A, AAER-3116A",ok,23715,unknown,OTHER_FRAUD,,CPA_individual,True,True,"AA Capital Partners, Inc.",FY2004,"Oprins and McNeeley caused Ernst & Young to issue unqualified audit reports for AA Capital's and the Equity Fund's 2004 financial statements, despite Orecchio's $1.92 million misappropriation of client assets (disguised as a ""tax loan"") not being adequately disclosed in conformity with GAAP.",misappropriated $1.92 million,2004,1.0,rule_102e|section_4C,{}
3118,AAER-3118.pdf,Joseph Grendys et al.,"March 4, 2010","LR-21435, AAER-3118",low_text,0,,,,,,,,,,,,,,{}
3143,AAER-3143.pdf,"Harry O. Nicodemus IV, CPA","June 10, 2010","34-62260, AAER-3143",ok,6111,unknown,NARRATIVE_DISTORTION,,individual_executive,True,True,Equus,FY2005-Q2|FY2005,"Equus misstated the true purpose of a $535,000 special administrative fee in its Q2 2005 10-Q and 2005 10-K, and materially understated an officer's 2005 compensation by over $293,380 in its 2006 proxy statement, by failing to disclose that the fee was primarily for officer compensation.","understated officer compensation by more than $293,380",second quarter 2005 and 2005,1.0,section_13a,{}
3168,AAER-3168.pdf,"James W. McIntosh, et al., and Mark T. Schwetschenau","Aug. 5, 2010","LR-21616, AAER-3168",low_text,0,,,,,,,,,,,,,,{}
3174,AAER-3174.pdf,"Escala Group, Inc., Gregory Manning, and Larry Lee Crawford, CPA","Aug. 24, 2010","LR-21630, AAER-3174",low_text,0,,,,,,,,,,,,,,{}
3201,AAER-3201.pdf,GlobalSantaFe Corp.,"Nov. 4, 2010","LR-21724, AAER-3201",low_text,0,,,,,,,,,,,,,,{}
3205,AAER-3205.pdf,"Panalpina, Inc.","Nov. 4, 2010","LR-21727, AAER-3205",low_text,0,,,,,,,,,,,,,,{}
3227,AAER-3227.pdf,"Michael R. Drogin, CPA","Jan. 11, 2011","34-63690, AAER-3227",ok,10434,enforcement_order,OTHER_FRAUD,,CPA_individual,True,False,,FY2005-Q4|FY2006|FY2007|FY2008,A CPA violated a prior SEC order banning him from practicing before the Commission by performing audit and review work for three issuers and issuing audit reports without having performed actual audits.,,fall of 2005 through late 2008,1.0,rule_102e|section_13a|rule_10b5|section_17a,{}
3241,AAER-3241.pdf,Rodney B. Johnson,"Feb. 9, 2011","34-63879, AAER-3241",ok,9989,enforcement_order,REVENUE_TIMING,,individual_executive,True,True,Fischer Imaging Corporation,FY2000-Q3|FY2000-Q4|FY2000|FY2001-Q1|FY2001-Q2|FY2001-Q3|FY2001-Q4|FY2001|FY2002-Q1|FY2002-Q2,"Rodney B. Johnson engaged in a fraudulent revenue recognition scheme by improperly recognizing revenue upon shipment of products to storage facilities rather than to customers, and from orders subject to material contingencies, resulting in false and misleading statements in Fischer's filings.",,third quarter of 2000 through its second quarter of 2002,1.0,rule_102e|section_17a,"{""REVENUE_TIMING"": 1, ""NARRATIVE_DISTORTION"": 1}"
3255,AAER-3255.pdf,Ball Corporation,"March 24, 2011","34-64123, AAER-3255",ok,16611,enforcement_order,OTHER_FRAUD,,issuer,True,True,Ball Corporation,FY2006-Q3|FY2006-Q4|FY2007-Q1|FY2007-Q2|FY2007-Q3|FY2007-Q4,"Ball Corporation's Argentine subsidiary, Formametal, paid at least $106,749 in bribes to Argentine government officials between July 2006 and October 2007, which were mischaracterized as ordinary business expenses in Formametal's books and records and consolidated into Ball's financial statements.","at least $106,749",July 2006 through October 2007,1.0,,{}
3279,AAER-3279.pdf,"Michael Baker Corporation, John Scullin and Dennis Higgins","May 11, 2011","LR-21962, AAER-3279",low_text,0,,,,,,,,,,,,,,{}
3290,AAER-3290.pdf,"Edwin Reese Davis, Jr. CPA","June 8, 2011","34-64621, AAER-3290",ok,3247,unknown,OTHER_FRAUD,,CPA_individual,True,False,,,,,,1.0,rule_102e,{}
3317,AAER-3317.pdf,Leland G. Orr,"Sept. 2, 2011","34-65260, AAER-3317",ok,8477,enforcement_order,REVENUE_TIMING,ACCOUNTING_ESTIMATE,individual_executive,True,True,Brooke Corporation,FY2007|FY2008-Q1|FY2008-Q2,"Orr was responsible for Brooke and Brooke Capital materially misstating net income by improperly recognizing loan fee revenue on unfunded loans, failing to record adequate reserves for uncollectable franchise accounts receivable, and improperly reducing collateral preservation expenses.",,"fiscal year ended December 31, 2007, and for the periods ended March 31, 2008 and June 30, 2008",0.9,rule_102e,"{""REVENUE_TIMING"": 1}"
3318,AAER-3318.pdf,"Ran H. Furman (Corrected) Cameron Elliot, Administrative Law Judge","Sept. 6, 2011","34-65271, AAER-3318",ok,8575,enforcement_order,NON_ENFORCEMENT,,CPA_individual,False,False,,,,,,1.0,rule_102e|section_13a,{}
3345,AAER-3345.pdf,Juan Carlos Guillén Zerpa,"Dec. 15, 2011","34-65985, AAER-3345",ok,2040,unknown,OTHER_FRAUD,,individual_executive,True,False,,,,,,1.0,rule_102e,{}
3367,AAER-3367.pdf,"Robert Chiu, (A/K/A Chi Hung Chiu)","Feb. 27, 2012","34-66479, AAER-3367",ok,6274,enforcement_order,REVENUE_TIMING,,CPA_individual,True,True,Syntax-Brillian Corporation,FY2006|FY2007-Q1,"Syntax's senior management engaged in a scheme to overstate revenues and earnings through fictitious fiscal 2006 year-end sales with SCHOT, concealed with forged documents and circular cash transfers, which failed to meet GAAP requirements due to the lack of a valid sales distribution agreement.",,"fiscal year ended June 30, 2006, through the fiscal first quarter ended September 30, 2007",1.0,rule_102e,{}
3368,AAER-3368.pdf,Koss Corporation and Michael J. Koss,"March 8, 2012","LR-22279, AAER-3368",low_text,0,,,,,,,,,,,,,,{}
3388,AAER-3388.pdf,"Kenneth M. Avery, CPA","June 8, 2012","34-67164, AAER-3388",ok,6004,non_enforcement,NON_ENFORCEMENT,EXPENSE_DEFERRAL,CPA_individual,False,False,WorldCom,,WorldCom improperly characterized expenses as assets on its balance sheet.,,,1.0,rule_102e,{}
3413,AAER-3413.pdf,"Freedom Environmental Services, Inc., et al.","Sept. 17, 2012","LR-22482, AAER-3413",low_text,0,,,,,,,,,,,,,,{}
3428,AAER-3428.pdf,Deloitte & Touche (South Africa),"Dec. 13, 2012","34-68432, AAER-3428",ok,16131,enforcement_order,OTHER_FRAUD,,audit_firm,True,True,Company A,,"DT-SA issued audit reports for its audit client Company A while an independence-impairing business relationship existed between DT-SA's consulting affiliate and a director of Company A, thereby violating auditor independence rules.",,September 2007 through September 2008,1.0,rule_102e|section_4C|section_13a,{}
3442,AAER-3442.pdf,Brian D. Fox,"Jan. 29, 2013","34-68754, AAER-3442",ok,4664,enforcement_order,OTHER_FRAUD,,CPA_individual,True,False,,,,,,1.0,rule_102e,{}
3453,AAER-3453.pdf,"James C. Fields, CPA","April 9, 2013","34-69353, AAER-3453",ok,2161,unknown,OTHER_FRAUD,,CPA_individual,True,False,,,,,,1.0,rule_102e,{}
3478,AAER-3478.pdf,"True North Finance Corp., et al.","Sept. 11, 2013","LR-22796, AAER-3478",low_text,0,,,,,,,,,,,,,,{}
3489,AAER-3489.pdf,"Brendan N. Connors, CPA","Sept. 18, 2013","34-70450, AAER-3489",ok,19398,enforcement_order,ACCOUNTING_ESTIMATE,,individual_executive,True,True,"Medifast, Inc.",FY2006|FY2007|FY2008,"Brendan Connors improperly calculated Medifast’s income tax expense from 2006 through 2008, failing to comply with GAAP (FAS 109), which resulted in Medifast materially understating its tax expense and overstating its net income.",,2006 through 2008,1.0,rule_102e|section_4C|section_13a,{}
3506,AAER-3506.pdf,John Lazorchak (CPA),"Oct. 10, 2013","34-70658, AAER-3506",ok,4885,enforcement_order,OTHER_FRAUD,,individual_executive,True,False,Celgene Corp.,,"Lazorchak engaged in an insider trading scheme by tipping material, nonpublic information regarding Celgene's acquisitions, earnings, and drug developments to others, receiving kickbacks, and misleading regulators during an inquiry.",,2007 through November 2012,1.0,rule_102e,{}
3535,AAER-3535.pdf,"Apple REIT Six, Inc.; Apple REIT Seven, Inc.; Apple REIT Eight, Inc.; Apple REIT Nine, Inc.; Apple Six Advisors, Inc.; Apple Seven Advisors, Inc.; Apple Eight Advisors, Inc.; Apple Nine Advisors, Inc.; Glade M. Knight; and Bryan F. Peery, CPA","Feb. 12, 2014","33-9548, 34-71546, AAER-3535",ok,71014,enforcement_order,NARRATIVE_DISTORTION,ACCOUNTING_ESTIMATE,mixed,True,True,"AR6, AR7, AR8, AR9",FY2008|FY2009|FY2010|FY2011,"The Apple REITs misrepresented the fair market value of their DRIP units at $11.00 in Forms S-3 and 10-K, failing to disclose that this price was arbitrary and not based on a meaningful valuation, and omitted numerous related party transactions between 2008 and 2011.",,FY2008-FY2011,0.9,section_13a|item_303|section_17a,{}
3539,AAER-3539.pdf,Christopher Sells and Timothy Murawski,"Feb. 21, 2014","LR-22930, AAER-3539",low_text,0,,,,,,,,,,,,,,{}
3557,AAER-3557.pdf,"Richard R. Hylland, CPA","June 11, 2014","34-72363, AAER-3557",ok,5482,non_enforcement,NON_ENFORCEMENT,,individual_executive,False,False,NorthWestern Corporation,,,,,1,rule_102e|section_17a,"{""NARRATIVE_DISTORTION"": 1}"
3574,AAER-3574.pdf,"BDO China Dahua CPA Co., Ltd., Ernst & Young Hua Ming LLP, KPMG Huazhen (Special General Partnership), Deloitte Touche Tohmatsu Certified Public Accountants Ltd., and PricewaterhouseCoopers Zhong Tian CPAs Limited (Order Granting Leave to the ZLCA to File an Amicus Brief)","Aug. 4, 2014","34-72753, AAER-3574",ok,13531,unknown,NON_ENFORCEMENT,,unclear,False,False,,,,,,1.0,,{}
3603,AAER-3603.pdf,"BKD, LLP","Dec. 8, 2014","34-73768, AAER-3603",ok,21208,enforcement_order,OTHER_FRAUD,,audit_firm,True,True,,FY2010|FY2011|FY2012,"BKD violated auditor independence rules by preparing the financial statements and/or notes for at least nine of its broker-dealer audit clients for fiscal years 2010, 2011, and/or 2012, rendering their audit opinions invalid.",,FY2010 through FY2012,1.0,rule_102e|section_4C|rule_10b5|section_17a,{}
3610,AAER-3610.pdf,Lerner & Sipkin CPAs LLP,"Dec. 8, 2014","34-73775, AAER-3610",ok,20775,enforcement_order,OTHER_FRAUD,,audit_firm,True,True,,FY2010|FY2011|FY2012,"Lerner violated auditor independence rules by preparing the financial statements and/or notes to the financial statements for approximately 70 of its 74 broker-dealer audit clients for fiscal years 2010, 2011, and/or 2012, while simultaneously auditing those financial statements.",,FY2010 through FY2012,1.0,rule_102e|section_4C|rule_10b5|section_17a,{}
3629,AAER-3629.pdf,Joseph A. Kostelecky,"Feb. 6, 2015","LR-23191, AAER-3629",low_text,0,,,,,,,,,,,,,,{}
3654,AAER-3654.pdf,"Simon Lesser, CPA, CA","April 29, 2015","34-74827, IA-4072, IC-31585, AAER-3654",ok,38706,enforcement_order,OTHER_FRAUD,,CPA_individual,True,True,Alpha Titans LP,,"The auditor approved financial statements that failed to disclose material related party relationships and transactions, specifically the transfer of $3,452,353 from private funds to pay the investment adviser's operating expenses, thereby misrepresenting the financial statements' conformity with GAAP.","misstated by $3,452,353",Over a period of four years,1.0,rule_102e|section_4C,{}
3668,AAER-3668.pdf,"Deloitte & Touche LLP, ALPS Fund Services, Inc. and Andrew C. Boynton","July 1, 2015","34-75343, IC-31703, AAER-3668",ok,29463,enforcement_order,OTHER_FRAUD,,mixed,True,True,"Fund A, Fund B and Fund C",,,,,1.0,rule_102e|section_4C|section_13a,{}
3677,AAER-3677.pdf,"Vineet Kalucha, CA","Aug. 11, 2015","34-75667, AAER-3677, IA-4167",ok,5156,enforcement_order,NARRATIVE_DISTORTION,OTHER_FRAUD,individual_executive,True,False,,,"Kalucha fraudulently altered an outside accounting firm’s report, distributed this altered report to prospective investors, and misused proceeds raised from investors in Aphelion to pay for his personal expenses.",,,1.0,rule_102e|rule_10b5|section_17a,{}
3694,AAER-3694.pdf,Wilfred Robert Sutcliffe,"Sept. 15, 2015","34-75920, AAER-3694",ok,4804,enforcement_order,EARNINGS_SMOOTHING,ACCOUNTING_ESTIMATE,individual_executive,True,True,Computer Sciences Corporation,FY2010-Q2|FY2010,"Wilfred Robert Sutcliffe manipulated CSC's accounting model for the NHS Contract to maintain a 16% profit margin, allowing the company to report $221 million in operating profit in Q2FY2010 instead of a materially lower amount.",,Q2FY2010 and for fiscal year 2010,0.9,rule_102e|section_17a,{}
3713,AAER-3713.pdf,"Home Loan Servicing Solutions, Ltd.","Oct. 5, 2015","34-76074, AAER-3713",ok,28292,enforcement_order,ACCOUNTING_ESTIMATE,NARRATIVE_DISTORTION,issuer,True,True,HLSS,FY2012|FY2013|FY2014-Q1,"HLSS misstated its net income by adopting an accounting methodology that did not conform to GAAP for the valuation of its Rights to MSRs, assigning them a value equivalent to their carrying value rather than their best estimate of fair value.",,2012 to 2014,0.9,section_13a,{}
3733,AAER-3733.pdf,Ocwen Financial Corp.,"Jan. 20, 2016","34-76938, AAER-3733",ok,32999,enforcement_order,ACCOUNTING_ESTIMATE,NARRATIVE_DISTORTION,mixed,True,True,Ocwen,FY2013-Q2|FY2013-Q3|FY2013-Q4|FY2014-Q1,"Ocwen materially misstated its net income for three quarters in 2013 and the first quarter of 2014 by relying on an improper valuation methodology for a financing liability related to mortgage servicing rights, which did not conform to GAAP.",,FY2013-Q2 through FY2014-Q1,1,section_13a,{}
3750,AAER-3750.pdf,Keybanc Capital Markets Inc.,"Feb. 29, 2016","34-77254, AAER-3750",ok,8396,enforcement_order,OTHER_FRAUD,,issuer,True,True,KBCM,FY2010,"Respondent's CFO caused unsubstantiated 'plug' entries to be made to the general ledger, resulting in overstated assets by $13,679,000 and omitted liabilities by $4,305,000 in its fiscal year 2010 financial statements, leading to a 78% reduction in restated net income.","overstated assets by $13,679,000 and omitted liabilities by $4,305,000",prior to January 2011 through January 2012,1.0,,{}
3771,AAER-3771.pdf,"Hall, David S., P.C. d/b/a the Hall Group CPAs Hall, David S., CPA Cochran, Michelle L. Helterbran, CPA Cisneros, Susan A.","April 26, 2016","34-77718, AAER-3771",ok,32943,unknown,OTHER_FRAUD,,mixed,True,True,,,,,,0.9,rule_102e|section_10A|section_4C|section_13a,{}
3789,AAER-3789.pdf,"The Phoenix Companies, Inc.","July 15, 2016","34-78341, AAER-3789",ok,21596,unknown,ACCOUNTING_ESTIMATE,,issuer,True,True,"The Phoenix Companies, Inc.",FY2009|FY2010|FY2011|FY2011-Q1|FY2011-Q2|FY2011-Q3|FY2011-Q4,"Phoenix restated its financial statements due to dozens of errors, including improper accounting determinations, miscalculations, and incorrect assumptions related to complex insurance products (Universal Life, Loss Recognition, Fixed Indexed Annuities) and derivative valuations.",,FY2009 through FY2011 and Q1 2011 onwards,1,section_13a,{}
3804,AAER-3804.pdf,Park National Corporation,"Sept. 21, 2016","34-78896, AAER-3804",ok,20958,unknown,ACCOUNTING_ESTIMATE,,issuer,True,True,Park National Corporation,FY2010|FY2011-Q1|FY2011-Q2|FY2011-Q3,"PRK understated its Allowance for Loan Losses by improperly incorporating anticipated cash flows from guarantors in active litigation and using unsubstantiated collateral valuations, leading to a restatement that increased the provision for loan losses by more than $22 million.",increased provision for loan losses and ALLL by more than $22 million,2010 and the first three quarters of 2011,1.0,section_13a,{}
3809,AAER-3809.pdf,"D'Arelli Pruzansky, et al.","Sept. 30, 2016","34-79004, AAER-3809",ok,14123,unknown,OTHER_FRAUD,,mixed,True,False,,FY2014|FY2015,"D’Arelli Pruzansky, P.A. and its partners failed to rotate off audit engagements for five reporting company clients after serving as lead audit partners for five consecutive fiscal years, rendering them not independent for interim review services in 2014 and 2015.",,2014 and 2015,1.0,section_10A|section_13a,{}
3830,AAER-3830.pdf,"Mark David Shapiro, CPA","Nov. 23, 2016","34-79395, AAER-3830",ok,5582,non_enforcement,REVENUE_TIMING,,individual_executive,False,True,"Fleming Companies, Inc.",FY2001|FY2002,"Shapiro prematurely recognized rebates as income, materially increasing Fleming's annual and quarterly revenue and net income in 2001 and 2002.",,2001 and 2002,0.9,rule_102e,"{""REVENUE_TIMING"": 1}"
3847,AAER-3847.pdf,"Orthofix International N.V.; Jeffrey Hammel, CPA; Brian McCollum; Kenneth Mack and Bryan McMillan","Jan. 18, 2017","34-79819, AAER-3847",ok,22819,unknown,REVENUE_TIMING,,individual_executive,True,True,"Orthofix International, N.V.",FY2010|FY2011|FY2012|FY2013-Q1,"Orthofix improperly recognized revenue associated with several transactions with its Spine segment's distributors, including its largest international distributor.",,from at least 2011 through mid-2013,1.0,asc_605|section_13a,"{""REVENUE_TIMING"": 1}"
3858,AAER-3858.pdf,Ixia and Victor Alston,"Feb. 3, 2017","33-10302, 34-79971, AAER-3858",ok,35544,enforcement_order,REVENUE_TIMING,,individual_executive,True,True,Ixia,FY2012,"Ixia, under direction from its CEO, improperly recognized software revenue by 'splitting POs' to artificially separate professional services from software sales, thereby avoiding revenue deferral requirements for multi-element arrangements.",,2012,1.0,section_13a|rule_10b5|section_17a,{}
3883,AAER-3883.pdf,"Enviso Capital, LLC, Ryan Bowers and Jeffrey Laberge, CPA","July 19, 2017","34-81173, IA-4731, IC-32737, AAER-3883",ok,36492,enforcement_order,ACCOUNTING_ESTIMATE,NARRATIVE_DISTORTION,mixed,True,True,Enviso Capital,FY2012|FY2013|FY2014,"Enviso Capital materially overstated the value of two private funds in financial statements by failing to use reasonable assumptions for projected revenues of a primary asset (Bluefin Renewable Energy, LLC) and by not properly valuing a loan where full collection was improbable.",,2012 through 2014,0.9,rule_102e|section_4C,{}
3889,AAER-3889.pdf,"Lisa Pavelka McAlister, CPA","Aug. 15, 2017","34-81397, AAER-3889",ok,4963,enforcement_order,NARRATIVE_DISTORTION,,individual_executive,True,True,American Realty Capital Properties Inc.,FY2014-Q1|FY2014-Q2,"McAlister, with the former CFO, engaged in a fraudulent scheme to manipulate and falsely report ARCP’s Adjusted Funds From Operations (AFFO), a key non-GAAP financial metric, in its public reports for the fiscal quarter ended June 30, 2014, to meet analyst estimates and conceal prior overstatements.",,"fiscal quarter ended June 30, 2014 and the previous quarter",1.0,rule_102e|section_13a|rule_10b5,"{""NARRATIVE_DISTORTION"": 1}"
3913,AAER-3913.pdf,"Rahuldev Gandhi, CPA","Dec. 4, 2017","34-82208, AAER-3913",ok,33488,enforcement_order,OTHER_FRAUD,,CPA_individual,True,True,"Accelera Innovations, Inc.",FY2015,,,FY2015,1.0,rule_102e|section_4C|section_13a,{}
3929,AAER-3929.pdf,KPMG,"March 13, 2018","34-82862, AAER-3929",ok,7203,enforcement_order,OTHER_FRAUD,,audit_firm,True,False,Issuer A,FY2013|FY2014,"KPMG Zimbabwe played a substantial role in the audits of Issuer A from at least 2013 through 2014 without being registered with the Public Company Accounting Oversight Board (PCAOB), violating Sarbanes-Oxley Section 102.",,2013 through 2014,1.0,section_13a,{}
3939,AAER-3939.pdf,"Winter, Kloman, Moter &  Repp, S.C., et al.","May 4, 2018","34-83168, IA-4906, AAER-3939",ok,56016,unknown,OTHER_FRAUD,,mixed,True,False,"Voit Fund GP, LLC and six pooled investment vehicles",FY2014|FY2015,"The audit firm and its partners failed to meet Custody Rule requirements by not being independent (preparing financials they audited, having a business relationship) and not being subject to PCAOB inspection, leading to improper professional conduct in their audits of six pooled investment vehicles for 2014 and 2015.",,2014 and 2015,1.0,rule_102e|section_4C|pcaob_as,{}
3957,AAER-3957.pdf,"Lauren Zarsky, CPA","Aug. 15, 2018","34-83854, AAER-3957",ok,7549,enforcement_order,OTHER_FRAUD,,CPA_individual,True,False,"Innate Immunotherapeutics, Inc.",,"The respondent sold shares of Innate Immunotherapeutics, Inc. on June 23, 2017, based on material, nonpublic information about negative drug trial results, avoiding losses of $19,440.","avoided losses of $19,440",June 2017,1.0,rule_102e|rule_10b5|section_17a,{}
3973,AAER-3973.pdf,"Bruton, Karen, CPA","Sept. 19, 2018","34-84198, AAER-3973",ok,5022,enforcement_order,OTHER_FRAUD,,CPA_individual,True,False,,,,,,1.0,rule_102e,{}
3995,AAER-3995.pdf,"KCAP Financial, Inc.","Dec. 4, 2018","34-84718, IC-33314, AAER-3995",ok,20959,enforcement_order,REVENUE_TIMING,NARRATIVE_DISTORTION,issuer,True,True,KCAP,FY2010|FY2011|FY2012|FY2013|FY2014-Q1|FY2014-Q2|FY2014-Q3,"KCAP improperly recorded approximately $22.3 million of funds received from its Asset Manager Affiliates as taxable dividends when they were actually a return of capital, thereby misstating distributable income and issuing inaccurate tax Forms 1099.",overstated dividends/income by approximately $22.3 million,From at least 2010 through the third quarter of 2014,1.0,section_13a,{}
4007,AAER-4007.pdf,"Crowe Horwath LLP, Joseph C. Macina, CPA and Kevin V. Wydra, CPA","Dec. 21, 2018","34-84920, AAER-4007",ok,76155,enforcement_order,OTHER_FRAUD,,CPA_individual,True,True,"Corporate Resource Services, Inc.",FY2013,,,"fiscal year ended January 3, 2014",1.0,rule_102e|section_10A|section_4C|section_13a,{}
4023,AAER-4023.pdf,"David Pruitt, CPA (Order Denying Motion to Amend the Order Instituting Proceedings)","Feb. 21, 2019","34-85171, AAER-4023",ok,12100,unknown,REVENUE_TIMING,,individual_executive,True,True,L3,,"Pruitt allegedly generated improper and premature invoices for L3's contract with the Army to help ASD reach its revenue goals, thereby recognizing revenue too early.",,,0.9,,{}
4048,AAER-4048.pdf,"Rand, Michael T.","June 4, 2019","34-86028, AAER-4048",ok,2246,unknown,OTHER_FRAUD,,CPA_individual,True,False,,,,,,1.0,rule_102e,{}
4057,AAER-4057.pdf,"Thomas Chang, CPA","July 1, 2019","34-86252, AAER-4057",ok,18529,enforcement_order,OTHER_FRAUD,,CPA_individual,True,False,,FY2016|FY2017|FY2018,"Thomas Chang caused his firm to issue audit reports for public shell companies while the firm had a prohibited business relationship, involving referral fees, with the individuals controlling those shell companies, thereby violating auditor independence rules.",,April 2016 through August 2018,1.0,rule_102e|section_4C,{}
4087,AAER-4087.pdf,TechnipFMC plc.,"Sept. 23, 2019","34-87055, AAER-4087",ok,37184,unknown,OTHER_FRAUD,,issuer,True,True,TechnipFMC Technologies plc,FY2008|FY2009|FY2010|FY2011|FY2012|FY2013,"FMC Technologies made over $794,000 in payments to a third party consultant, which used at least some of those funds to pay bribes to Iraqi government officials to procure business, and these payments were not accurately reflected in the company's books and records.","over $794,000",FY2008 through FY2013,1.0,,{}
4095,AAER-4095.pdf,FCA US LLC and Fiat Chrysler Automobiles N.V.,"Sept. 27, 2019","33-10706, 34-87134, AAER-4095",ok,30360,enforcement_order,REVENUE_TIMING,EARNINGS_SMOOTHING|NARRATIVE_DISTORTION,issuer,True,True,FCA US and FCA N.V.,FY2012-Q3|FY2012-Q4|FY2013|FY2014|FY2015|FY2016-Q1|FY2016-Q2|FY2016-Q3,"FCA US inflated monthly vehicle sales by paying dealers to report fake sales that were later unwound, by having employees report fake sales, and by using a 'cookie jar' database of actual but unreported sales to manipulate reported figures.",,August 2012 to July 2016,1.0,section_13a|rule_10b5|section_17a,"{""EARNINGS_SMOOTHING"": 1}"
4113,AAER-4113.pdf,"Holder, Cynthia, CPA Wada, Jeffrey, CPA Middendorf, David, CPA Whittle, Thomas, CPA Britt, David, CPA","Jan. 15, 2020","34-87970, AAER-4113",ok,1812,unknown,OTHER_FRAUD,,individual_executive,True,False,,,,,,1.0,rule_102e,{}
4139,AAER-4139.pdf,"PLS, CPA, et al. (Order)","May 11, 2020","34-88851, AAER-4139",ok,2415,enforcement_order,NON_ENFORCEMENT,,unclear,False,False,,,,,,1.0,,{}
4146,AAER-4146.pdf,"Argo Group International Holdings, Ltd.","June 4, 2020","34-89009, AAER-4146",ok,16385,unknown,NARRATIVE_DISTORTION,OTHER_FRAUD,issuer,True,True,"Argo Group International Holdings, Ltd.",FY2014|FY2015|FY2016|FY2017|FY2018,Argo understated executive compensation by over $5.3 million from 2014 through 2018 by failing to disclose perquisites and personal benefits paid to its CEO in definitive proxy statements and incorrectly recording these payments as business expenses.,understated perquisites and personal benefits by over $5.3 million,FY2014 through FY2018,1.0,section_13a,{}
4161,AAER-4161.pdf,"Super Micro Computer, Inc.","Aug. 25, 2020","33-10822, 34-89656, AAER-4161",ok,33483,enforcement_order,REVENUE_TIMING,EXPENSE_DEFERRAL,issuer,True,True,"Super Micro Computer, Inc.",FY2015-Q1|FY2015-Q2|FY2015-Q3|FY2015-Q4|FY2015|FY2016-Q1|FY2016-Q2|FY2016-Q3|FY2016-Q4|FY2016|FY2017-Q1|FY2017-Q2|FY2017-Q3|FY2017,"Super Micro prematurely recognized revenue by various methods including recognizing revenue before delivery, changing shipment terms, recognizing revenue without customer acceptance, and recognizing extended warranty revenue at the time of sale, while also understating expenses by misusing cooperative marketing funds and failing to write down inventory.",,FY2015 through FY2017,1.0,section_13a|section_17a,"{""REVENUE_TIMING"": 2}"
4188,AAER-4188.pdf,Allen Garner,"Oct. 14, 2020","34-90168, AAER-4188",ok,5227,enforcement_order,REVENUE_TIMING,,individual_executive,True,True,"Revolution Lighting Technologies, Inc.",FY2015-Q2|FY2015-Q3|FY2015-Q4|FY2015|FY2016-Q1|FY2016-Q2,"Garner, as CFO, inflated Revolution's reported revenue by improperly recognizing revenue from 'bill and hold' transactions, counting sales much earlier than permitted by accounting rules and company policy, from at least the second quarter of 2015 through the second quarter of 2016.",,second quarter of 2015 through the second quarter of 2016,1.0,rule_102e|section_17a,"{""REVENUE_TIMING"": 2}"
4197,AAER-4197.pdf,Laksha Bohra,"Dec. 17, 2020","34-90696, AAER-4197",ok,8419,enforcement_order,OTHER_FRAUD,,individual_executive,True,False,"Amazon.com, Inc.",FY2015-Q4|FY2016-Q1|FY2016-Q2|FY2016-Q3|FY2016-Q4|FY2016|FY2017-Q1|FY2017-Q2|FY2017-Q3|FY2017-Q4|FY2017|FY2018-Q1|FY2018-Q2,"Laksha Bohra engaged in insider trading by providing her husband and father-in-law with material, nonpublic Amazon earnings information ahead of public release, allowing them to profit approximately $1.4 million from trading Amazon stock and options.",approximately $1.4 million,January 2016 through July 2018,1.0,rule_102e|rule_10b5,{}
4222,AAER-4222.pdf,"PLS, CPA, et al. (Order)","May 24, 2021","34-91983, AAER-4222",ok,2934,unknown,NON_ENFORCEMENT,,audit_firm,False,False,,,,,,1.0,,{}
4237,AAER-4237.pdf,"Stockman Kast Ryan & Co. LLP; Ellen S. Fisher, CPA; and David H. Kast, CPA (Order)","July 30, 2021","34-92534, IA-5811, AAER-4237",ok,3228,enforcement_order,NON_ENFORCEMENT,,unclear,False,False,,,,,,1.0,rule_102e|section_4C,{}
4247,AAER-4247.pdf,Pareteum Corporation,"Sept. 2, 2021","33-10975, 34-92866, AAER-4247",ok,25172,enforcement_order,REVENUE_TIMING,,issuer,True,True,Pareteum,FY2018|FY2019-Q1|FY2019-Q2,Pareteum materially overstated revenue by approximately $12 million for fiscal year 2018 and $30 million for the first and second quarters of 2019 by recognizing revenue based on non-binding purchase orders and prior to product shipment.,overstated revenue by approximately $12 million for fiscal year 2018 and by approximately $30 million for the first and second quarters of 2019,2018 through mid-2019,1.0,asc_606|section_13a|rule_10b5|section_17a,{}
4260,AAER-4260.pdf,"Reyes, Noe Corrales","Sept. 27, 2021","34-93136, AAER-4260",ok,6375,enforcement_order,OTHER_FRAUD,,CPA_individual,True,False,,,,,,1.0,rule_102e|section_17a,{}
4277,AAER-4277.pdf,"Sequential Brands Group, Inc.","Dec. 15, 2021","LR-25289, AAER-4277",low_text,0,,,,,,,,,,,,,,{}
4305,AAER-4305.pdf,Daniel Ives,"June 7, 2022","34-95052, AAER-4305",ok,16209,unknown,REVENUE_TIMING,,individual_executive,True,True,"Synchronoss Technologies, Inc.",FY2013|FY2014|FY2015|FY2016,"Synchronoss Technologies, Inc. improperly recognized approximately $3.6 million in revenue upfront for a transaction, concealing its contingent nature through side letter agreements, leading to a restatement of approximately $190 million in cumulative revenues.",overstated revenue by approximately $190 million,"2013, 2014, 2015, and 2016",1.0,,"{""REVENUE_TIMING"": 1}"
4320,AAER-4320.pdf,"Frank Okunak, CPA","Aug. 9, 2022","34-95451, AAER-4320",ok,5350,enforcement_order,OTHER_FRAUD,,individual_executive,True,True,,FY2011|FY2012|FY2013|FY2014|FY2015|FY2016|FY2017|FY2018|FY2019|FY2020,"Okunak falsified the Issuer’s books and records by directing the submission of, and approving, ""vendor"" invoices and purchase orders that remitted payment to entities in which he had an interest, to entities performing services for those entities, or for personal expenses, thereby misappropriating approximately $16 million from the Issuer.",misappropriated approximately $16 million,2011 through July 2020,1.0,rule_102e,{}
4338,AAER-4338.pdf,"Viener, Ira S., CPA","Sept. 22, 2022","34-95884, AAER-4338",ok,27950,unknown,OTHER_FRAUD,,CPA_individual,True,True,"Punch TV Studios, Inc.",FY2015|FY2016|FY2017|FY2018|FY2019,"Auditor Viener engaged in improper professional conduct by failing to maintain independence, as he prepared the financial statements for Punch TV Studios, Inc. and Company A that he subsequently audited, and also failed to adhere to generally accepted auditing standards in multiple other areas.",,FY2015 through FY2019,1.0,rule_102e|section_4C|au_c,{}
4355,AAER-4355.pdf,"Mattel, Inc.","Oct. 21, 2022","33-11122, 34-96126, AAER-4355",ok,18689,enforcement_order,ACCOUNTING_ESTIMATE,OTHER_FRAUD,mixed,True,True,Mattel,FY2017-Q3|FY2017-Q4,"Mattel materially misstated its Q3 2017 tax-related valuation allowance by $109 million (understated) and its Q4 2017 tax expense by $109 million (overstated) because its Thomas the Tank Engine asset was erroneously treated as a definite-lived asset for valuation allowance calculation purposes, when it was classified as indefinite-lived.",understated by $109 million,Q3 and Q4 2017,0.9,section_13a|section_17a,{}
4372,AAER-4372.pdf,"Gregory A. Wahl, CPA, Michael Deutchman, CPA and Georgia Chung, CPA (Order Extending Time to Issue Decision)","Jan. 29, 2023","34-96771, AAER-4372",ok,697,unknown,NON_ENFORCEMENT,,CPA_individual,False,False,,,,,,1.0,,{}
4376,AAER-4376.pdf,"Jia Roger Qian WangJia Roger Qian Wang, et al. (Order)","Feb. 16, 2023","34-96949, AAER-4376",ok,3286,enforcement_order,OTHER_FRAUD,,CPA_individual,True,False,,,,,,0.7,rule_102e,{}
4395,AAER-4395.pdf,"Jason Jianxun Tang, CPA (POSTPONEMENT ORDER)","April 4, 2023","34-97246, AAER-4395",ok,4661,enforcement_order,NON_ENFORCEMENT,,CPA_individual,False,False,,,,,,1.0,,{}
4409,AAER-4409.pdf,"Ramón Lafarga Bátiz (ORDER GRANTING IN PART MOTION FOR LEAVE TO USE ALTERNATE MEANS OF 
SERVICE)","May 16, 2023","34-97512, AAER-4409",ok,5658,unknown,NON_ENFORCEMENT,,individual_executive,False,False,,,,,,1.0,,{}
4437,AAER-4437.pdf,Grupo Aval Acciones y Valores S.A. and Corporación Financiera Colombiana S.A.,"Aug. 10, 2023","34-98103, AAER-4437",ok,17293,unknown,OTHER_FRAUD,,issuer,True,True,Grupo Aval,,"Bribes related to a highway construction project were concealed as legitimate business expenses in the company's books and records, violating the anti-bribery, books and records, and internal accounting controls provisions of the FCPA.",,Beginning as early as 2012,1.0,,{}
4451,AAER-4451.pdf,"Peter Armbruster, CPA","Aug. 28, 2023","34-98229, AAER-4451",ok,3146,unknown,OTHER_FRAUD,,CPA_individual,True,False,,,,,,1.0,rule_102e,{}
4461,AAER-4461.pdf,"Michael D. Messina, CPA","Sept. 25, 2023","34-98499, AAER-4461",ok,42213,enforcement_order,OTHER_FRAUD,,CPA_individual,True,True,"Ault Alliance, Inc.",FY2016|FY2017|FY2018|FY2019|FY2020,"Messina, an EQR partner, failed to adequately review audits of Ault Alliance, Inc. for fiscal years 2016-2020, leading to the release of audit reports falsely stating compliance with PCAOB standards.",,FY2016-FY2020,1.0,rule_102e|section_4C|pcaob_as,{}
4482,AAER-4482.pdf,"Craig A. Golding, CPA","Jan. 16, 2024","34-99348, AAER-4482",ok,3865,non_enforcement,NON_ENFORCEMENT,,CPA_individual,False,False,,FY2017,,,FY2017,1.0,rule_102e|section_4C|section_13a,{}
4499,AAER-4499.pdf,"Edward F. Hackert, CPA (Order Postponing Proceeding)","April 26, 2024","33-11282, 34-100035, AAER-4499",ok,4416,enforcement_order,NON_ENFORCEMENT,,CPA_individual,False,False,,,,,,1.0,,{}
4519,AAER-4519.pdf,FirstEnergy Corp.,"Sept. 12, 2024","33-11302, 34-101014, AAER-4519",ok,28658,enforcement_order,NARRATIVE_DISTORTION,OTHER_FRAUD,issuer,True,True,FirstEnergy,FY2017|FY2018|FY2019|FY2020,FirstEnergy failed to disclose approximately $60 million in payments made as part of a political corruption scheme and made misrepresentations about its role in this scheme to investors in an earnings call and a Commission filing.,,"Between 2017 and 2020, with specific misrepresentations in July 2020",1.0,section_13a|rule_10b5|section_17a,{}
4549,AAER-4549.pdf,"Davidson & Company LLP, et al.","Dec. 19, 2024","34-101972, AAER-4549",ok,31130,unknown,OTHER_FRAUD,,mixed,True,False,,,"The audit firm and its partners repeatedly failed to comply with audit partner rotation requirements for nine issuer clients between 2019 and 2023, leading to the issuance of audit reports that erroneously stated compliance with PCAOB standards and causing issuer clients to file reports not reviewed by an independent public accountant.",,2019-2023,1.0,section_10A|section_13a,{}
4555,AAER-4555.pdf,DMK Pharmaceuticals Corporation (f/k/a Adamis Pharmaceuticals Corporation) and Robert O. Hopkins,"Jan. 14, 2025","33-11353, 34-102195, AAER-4555",ok,18139,enforcement_order,REVENUE_TIMING,OTHER_FRAUD|NARRATIVE_DISTORTION,mixed,True,True,DMK Pharmaceuticals Corporation f/k/a Adamis Pharmaceuticals Corporation,FY2016|FY2017|FY2018|FY2019|FY2020|FY2021,"Adamis improperly recognized a material percentage of revenue from illegal prescriptions written by a veterinarian compensated under a sham consulting agreement, and falsely recorded these payments as legitimate consulting expenses in its periodic reports from 2016 through 2021.",,2016 through 2021,1.0,rule_102e|section_4C|section_13a|rule_10b5|section_17a,"{""REVENUE_TIMING"": 1, ""NARRATIVE_DISTORTION"": 1}"
4586,AAER-4586.pdf,"Joseph Jennings, CPA","Feb. 24, 2026","34-104880, AAER-4586",ok,6123,enforcement_order,NON_ENFORCEMENT,,CPA_individual,False,False,,,,,,1.0,rule_102e,{}
